Date,0,1,2,3,4,5,6,7,8,9,10,11,12,13,14,15,16,17,18,19,20,21,22,23,24,25,26,27,28,29,30,31,32,33,34,35,36,37,38,39,40,41,42
2021-02-22,0.14863426983356476,0.1554052084684372,0.1036340668797493,0.15226343274116516,0.16802507638931274,0.1588895171880722,0.1526009887456894,0.16270823776721954,0.1412927359342575,0.14334239065647125,0.1045241579413414,0.09458296000957489,0.0899675041437149,0.08866452425718307,0.1712144911289215,0.14471633732318878,0.12456056475639343,0.08974400162696838,0.07608703523874283,0.14572061598300934,0.12812440097332,0.13855649530887604,0.1465422362089157,0.1945183128118515,0.12590773403644562,0.20214906334877014,0.13163459300994873,0.16808122396469116,0.1542263627052307,0.185204416513443,0.15880419313907623,0.16740447282791138,0.18770170211791992,0.19141745567321777,0.16165176033973694,0.05610772594809532,0.209687277674675,0.21089626848697662,0.12957918643951416,0.055965058505535126,0.11942335218191147,0.12466578185558319,0.14343208074569702
2021-02-23,0.1498590111732483,0.15879172086715698,0.10603126883506775,0.1516667604446411,0.1634901612997055,0.1606987565755844,0.155080184340477,0.16711105406284332,0.14383813738822937,0.1474113017320633,0.10849973559379578,0.09863254427909851,0.08886733651161194,0.0927489623427391,0.17599748075008392,0.13853386044502258,0.12859053909778595,0.09400659054517746,0.08038197457790375,0.14943847060203552,0.13097883760929108,0.14238004386425018,0.15052588284015656,0.19540169835090637,0.1301577240228653,0.20492126047611237,0.13573795557022095,0.17068518698215485,0.15674713253974915,0.18692204356193542,0.16156603395938873,0.17088615894317627,0.18955965340137482,0.19357171654701233,0.1654072105884552,0.06002854183316231,0.2115093320608139,0.21333301067352295,0.1324245184659958,0.06063268333673477,0.12339980900287628,0.12721258401870728,0.14527705311775208
2021-02-24,0.1511121392250061,0.16237880289554596,0.1087360680103302,0.1522587239742279,0.16093842685222626,0.16230319440364838,0.15781176090240479,0.17184405028820038,0.14679741859436035,0.1517898440361023,0.11288585513830185,0.1030748188495636,0.08779695630073547,0.09724628925323486,0.18122953176498413,0.13490846753120422,0.13296836614608765,0.09869484603404999,0.0851256251335144,0.15341497957706451,0.13408654928207397,0.1465006172657013,0.15480691194534302,0.19691747426986694,0.13478365540504456,0.2077769637107849,0.14018428325653076,0.17323748767375946,0.15927591919898987,0.1888229250907898,0.1645013689994812,0.17452621459960938,0.1916865110397339,0.19573691487312317,0.1694387048482895,0.06453736871480942,0.2136278748512268,0.21607141196727753,0.13546836376190186,0.06588541716337204,0.12776140868663788,0.1298535168170929,0.1470234990119934
2021-02-25,0.15239079296588898,0.16614630818367004,0.11171753704547882,0.15394118428230286,0.160210981965065,0.16372345387935638,0.16077402234077454,0.176874041557312,0.1501343846321106,0.1564468890428543,0.11764290183782578,0.10787031054496765,0.08704026788473129,0.10211502015590668,0.18686550855636597,0.13363425433635712,0.13765907287597656,0.10376599431037903,0.09027289599180222,0.15762415528297424,0.13742351531982422,0.1508883684873581,0.15935544669628143,0.1990140825510025,0.13974778354167938,0.21070873737335205,0.1449391096830368,0.17574350535869598,0.16181188821792603,0.19088861346244812,0.16759276390075684,0.17830869555473328,0.19405525922775269,0.19791194796562195,0.17371854186058044,0.06957511603832245,0.2160131335258484,0.21908120810985565,0.13869081437587738,0.07166446000337601,0.13246950507164001,0.13257908821105957,0.14868129789829254
2021-02-26,0.1536911129951477,0.17006699740886688,0.11493394523859024,0.15656469762325287,0.16106119751930237,0.16498728096485138,0.16393472254276276,0.1821562498807907,0.15379585325717926,0.16134043037891388,0.12271605432033539,0.11296573281288147,0.0868934914469719,0.10729911178350449,0.19284449517726898,0.13439267873764038,0.14261546730995178,0.10916224867105484,0.09576288610696793,0.16203086078166962,0.14095613360404968,0.15550300478935242,0.16413110494613647,0.20161236822605133,0.14499905705451965,0.21370573341846466,0.1499558985233307,0.17821034789085388,0.16435398161411285,0.19309426844120026,0.17081665992736816,0.18221215903759003,0.1966293901205063,0.2000953108072281,0.17820923030376434,0.07506197690963745,0.21862486004829407,0.22232142090797424,0.1420648843050003,0.07789040356874466,0.13747182488441467,0.13537657260894775,0.15026384592056274
2021-02-27,0.1550089418888092,0.1741112619638443,0.11833987385034561,0.15995872020721436,0.16320569813251495,0.16612495481967926,0.16725750267505646,0.18764188885688782,0.15772198140621185,0.16642475128173828,0.12804506719112396,0.11830311268568039,0.08761435002088547,0.11273761093616486,0.19910016655921936,0.1368180811405182,0.1477862000465393,0.11482078582048416,0.10152936726808548,0.16659694910049438,0.14464734494686127,0.16030064225196838,0.16909001767635345,0.20462174713611603,0.15048198401927948,0.21675585210323334,0.15518401563167572,0.18064568936824799,0.16690100729465485,0.19541281461715698,0.17414748668670654,0.1862131804227829,0.19936920702457428,0.20228542387485504,0.182870015501976,0.08091115206480026,0.22141927480697632,0.22574752569198608,0.14556127786636353,0.08447686582803726,0.1427115797996521,0.1382320374250412,0.15178567171096802
2021-02-28,0.15634016692638397,0.17825035750865936,0.12189120799303055,0.16395287215709686,0.16636016964912415,0.1671658158302307,0.1707061380147934,0.19328361749649048,0.16185343265533447,0.17165544629096985,0.1335710734128952,0.12382612377405167,0.08937178552150726,0.11837130039930344,0.2055681198835373,0.14054390788078308,0.15312135219573975,0.12068053334951401,0.10750795155763626,0.17128530144691467,0.14846083521842957,0.16523870825767517,0.174189493060112,0.20795157551765442,0.15614263713359833,0.21984711289405823,0.16057425737380981,0.18305695056915283,0.16945180296897888,0.19781798124313354,0.17756029963493347,0.19028905034065247,0.202236145734787,0.20448069274425507,0.1876613050699234,0.08703828603029251,0.2243538349866867,0.22931624948978424,0.1491515338420868,0.09133991599082947,0.1481335312128067,0.14113199710845947,0.15326091647148132
2021-03-01,0.1576811522245407,0.1824583262205124,0.12554816901683807,0.1683904230594635,0.17026250064373016,0.1681363582611084,0.17424748837947845,0.19903872907161713,0.16613592207431793,0.17699244618415833,0.13924075663089752,0.12948398292064667,0.09221881628036499,0.12414677441120148,0.21219028532505035,0.14523231983184814,0.15857598185539246,0.1266864687204361,0.11364064365625381,0.1760624796152115,0.1523636430501938,0.17027877271175385,0.17939108610153198,0.21151839196681976,0.16193239390850067,0.22296860814094543,0.16608229279518127,0.1854507476091385,0.17200535535812378,0.20028606057167053,0.1810327023267746,0.19441930949687958,0.20519544184207916,0.20667971670627594,0.19254738092422485,0.09336736053228378,0.22739021480083466,0.23298856616020203,0.1528099626302719,0.09840390831232071,0.15368789434432983,0.1440642774105072,0.1547023206949234
2021-03-02,0.15902875363826752,0.1867131143808365,0.12927694618701935,0.17313596606254578,0.17468564212322235,0.16905911266803741,0.17785297334194183,0.20487092435359955,0.1705227494239807,0.18240173161029816,0.14500859379768372,0.13523349165916443,0.0961073487997055,0.13001863658428192,0.21891728043556213,0.15059082210063934,0.16411179304122925,0.13279175758361816,0.11987806111574173,0.18090002238750458,0.15632762014865875,0.1753881722688675,0.1846621185541153,0.21524998545646667,0.16780990362167358,0.22611093521118164,0.17167037725448608,0.187832772731781,0.1745607852935791,0.20279693603515625,0.1845456212759018,0.19858653843402863,0.20821750164031982,0.20888130366802216,0.1974979192018509,0.09983372688293457,0.23049581050872803,0.23673132061958313,0.1565147340297699,0.10560448467731476,0.1593322902917862,0.14701852202415466,0.15612071752548218
2021-03-03,0.16038046777248383,0.1909969002008438,0.13305018842220306,0.17807844281196594,0.1794431060552597,0.16995224356651306,0.18149925768375397,0.21075084805488586,0.17497576773166656,0.1878557950258255,0.1508377194404602,0.14103977382183075,0.10092387348413467,0.1359502077102661,0.2257092297077179,0.15637916326522827,0.16969789564609528,0.13895860314369202,0.12618038058280945,0.18577496707439423,0.1603298783302307,0.1805405169725418,0.18997614085674286,0.2190871238708496,0.17374180257320404,0.2292664349079132,0.1773080676794052,0.1902075558900833,0.17711736261844635,0.20533429086208344,0.18808361887931824,0.20277665555477142,0.21127845346927643,0.21108445525169373,0.20248834788799286,0.10638516396284103,0.2336442917585373,0.24051770567893982,0.16024819016456604,0.11288969218730927,0.1650325208902359,0.1499863862991333,0.15752485394477844
2021-03-04,0.16173434257507324,0.1952960044145584,0.13684691488742828,0.18313127756118774,0.1843891143798828,0.17082977294921875,0.18516817688941956,0.21665598452091217,0.17946533858776093,0.1933334916830063,0.15669965744018555,0.1468760371208191,0.10652182251214981,0.1419133096933365,0.2325354516506195,0.162409707903862,0.17531056702136993,0.14515794813632965,0.13251695036888123,0.19066965579986572,0.16435277462005615,0.18571554124355316,0.19531287252902985,0.22298356890678406,0.17970240116119385,0.2324291616678238,0.18297193944454193,0.19257858395576477,0.17967455089092255,0.20788565278053284,0.19163484871387482,0.20697884261608124,0.21435992419719696,0.21328845620155334,0.20749987661838531,0.11298155039548874,0.23681539297103882,0.2443271279335022,0.16399678587913513,0.12021961063146591,0.17076227068901062,0.15296143293380737,0.1589214950799942
2021-03-05,0.16308899223804474,0.1996004432439804,0.1406518518924713,0.18823038041591644,0.18941561877727509,0.1717018038034439,0.18884630501270294,0.22256994247436523,0.18396960198879242,0.19881944358348846,0.1625736802816391,0.15272276103496552,0.11274521797895432,0.1478874534368515,0.23937369883060455,0.16854332387447357,0.18093252182006836,0.1513686627149582,0.13886550068855286,0.19557124376296997,0.16838338971138,0.19089849293231964,0.20065754652023315,0.22690504789352417,0.1856730431318283,0.23559477925300598,0.18864499032497406,0.19494837522506714,0.18223194777965546,0.21044188737869263,0.19519074261188507,0.2111852616071701,0.21744859218597412,0.21549272537231445,0.21251875162124634,0.11959373950958252,0.23999440670013428,0.24814461171627045,0.16775067150592804,0.1275651901960373,0.17650243639945984,0.155938982963562,0.16031548380851746
2021-03-06,0.16444341838359833,0.2039034366607666,0.14445461332798004,0.19333113729953766,0.19444717466831207,0.17257532477378845,0.19252435863018036,0.22848154604434967,0.18847350776195526,0.20430319011211395,0.16844554245471954,0.1585666537284851,0.11944454163312912,0.15385866165161133,0.24620874226093292,0.17468300461769104,0.18655197322368622,0.15757633745670319,0.145210862159729,0.20047098398208618,0.17241285741329193,0.1960793435573578,0.20600008964538574,0.2308277189731598,0.19164101779460907,0.23876024782657623,0.1943155974149704,0.1973186582326889,0.18478929996490479,0.21299682557582855,0.19874539971351624,0.21539054811000824,0.22053532302379608,0.2176969349384308,0.21753565967082977,0.12620186805725098,0.24317128956317902,0.25195997953414917,0.17150311172008514,0.13490669429302216,0.18223994970321655,0.15891586244106293,0.16171018779277802
2021-03-07,0.16579705476760864,0.20820075273513794,0.14824870228767395,0.1984049677848816,0.1994352638721466,0.17345459759235382,0.19619642198085785,0.23438385128974915,0.19296738505363464,0.20977821946144104,0.17430633306503296,0.16439947485923767,0.12648634612560272,0.15981826186180115,0.2530311644077301,0.18076632916927338,0.19216163456439972,0.16377204656600952,0.15154360234737396,0.2053634077310562,0.17643560469150543,0.201251819729805,0.2113342583179474,0.23473624885082245,0.1975984424352646,0.24192366003990173,0.1999765932559967,0.19969050586223602,0.1873464435338974,0.2155466079711914,0.2022951990365982,0.21959137916564941,0.22361449897289276,0.21990083158016205,0.22254477441310883,0.1327936202287674,0.2463398277759552,0.2557668387889862,0.17524990439414978,0.1422318071126938,0.1879667192697525,0.16189008951187134,0.16310766339302063
2021-03-08,0.16714957356452942,0.21249014139175415,0.15203069150447845,0.20343579351902008,0.20435239374637604,0.17434191703796387,0.199859157204628,0.24027316272258759,0.19744594395160675,0.21524108946323395,0.18015126883983612,0.17021682858467102,0.13375811278820038,0.16576166450977325,0.25983598828315735,0.18675798177719116,0.19775758683681488,0.16995103657245636,0.1578586995601654,0.21024565398693085,0.18044862151145935,0.20641262829303741,0.21665674448013306,0.23862199485301971,0.203541100025177,0.24508394300937653,0.20562411844730377,0.20206445455551147,0.18990325927734375,0.21808917820453644,0.2058381885290146,0.22378596663475037,0.2266830950975418,0.22210431098937988,0.22754304111003876,0.13936245441436768,0.2494966983795166,0.2595618963241577,0.17898885905742645,0.14953406155109406,0.19367846846580505,0.16486062109470367,0.16450901329517365
2021-03-09,0.1685008555650711,0.21677081286907196,0.15579935908317566,0.20841677486896515,0.20918665826320648,0.17523807287216187,0.20351122319698334,0.24614818394184113,0.2019069641828537,0.2206905484199524,0.18597854673862457,0.1760171502828598,0.14116963744163513,0.17168720066547394,0.2666214108467102,0.19264273345470428,0.20333845913410187,0.1761115938425064,0.16415438055992126,0.21511666476726532,0.18445073068141937,0.21156056225299835,0.22196635603904724,0.24248124659061432,0.20946753025054932,0.24824070930480957,0.21125683188438416,0.20444072782993317,0.19245974719524384,0.22062382102012634,0.20937368273735046,0.22797372937202454,0.22974003851413727,0.22430729866027832,0.23252935707569122,0.14590607583522797,0.2526407241821289,0.2633439004421234,0.1827191561460495,0.15681111812591553,0.19937364757061005,0.1678270548582077,0.1659146249294281
2021-03-10,0.1698509305715561,0.2210429161787033,0.15955498814582825,0.21334755420684814,0.21393708884716034,0.17614290118217468,0.2071525752544403,0.25200924277305603,0.20635049045085907,0.22612689435482025,0.1917884200811386,0.18180078268051147,0.14865219593048096,0.17759525775909424,0.2733878493309021,0.19841943681240082,0.20890456438064575,0.1822541356086731,0.17043106257915497,0.21997669339179993,0.18844208121299744,0.21669591963291168,0.22726334631443024,0.24631376564502716,0.215378075838089,0.2513939142227173,0.21687504649162292,0.20681923627853394,0.19501590728759766,0.22315068542957306,0.21290189027786255,0.23215477168560028,0.23278559744358063,0.22650982439517975,0.23750396072864532,0.15242506563663483,0.2557721436023712,0.2671131491661072,0.18644095957279205,0.16406357288360596,0.20505264401435852,0.17078949511051178,0.16732442378997803
2021-03-11,0.17119993269443512,0.22530725598335266,0.16329878568649292,0.21823188662528992,0.2186097800731659,0.17705553770065308,0.21078404784202576,0.2578575909137726,0.21077792346477509,0.2315513640642166,0.19758246839046478,0.18756930530071259,0.1561562567949295,0.18348747491836548,0.2801370918750763,0.20409594476222992,0.21445724368095398,0.18838033080101013,0.17669051885604858,0.22482672333717346,0.19242361187934875,0.22181984782218933,0.23254892230033875,0.25012150406837463,0.2212742120027542,0.25454390048980713,0.2224801629781723,0.20919978618621826,0.1975717842578888,0.22567051649093628,0.21642343699932098,0.23632976412773132,0.23582081496715546,0.22871193289756775,0.2424679696559906,0.1589217483997345,0.2588921785354614,0.2708708643913269,0.19015510380268097,0.17129375040531158,0.21071694791316986,0.17374832928180695,0.16873799264431
2021-03-12,0.17254799604415894,0.22956492006778717,0.16703248023986816,0.22307591140270233,0.22321483492851257,0.17797483503818512,0.21440695226192474,0.2636951506137848,0.21519142389297485,0.23696568608283997,0.20336294174194336,0.19332493841648102,0.16364850103855133,0.1893661767244339,0.28687167167663574,0.2096853256225586,0.21999849379062653,0.19449257850646973,0.18293526768684387,0.2296682447195053,0.19639667868614197,0.2269340604543686,0.23782473802566528,0.2539077401161194,0.2271580845117569,0.25769108533859253,0.2280740737915039,0.21158204972743988,0.20012739300727844,0.22818432748317719,0.21993933618068695,0.2404996156692505,0.23884721100330353,0.2309136837720871,0.24742291867733002,0.16539941728115082,0.26200246810913086,0.2746186852455139,0.1938626617193222,0.17850492894649506,0.21636873483657837,0.1767040491104126,0.17015479505062103
2021-03-13,0.17389528453350067,0.2338171899318695,0.17075799405574799,0.22788672149181366,0.2277640551328659,0.17889948189258575,0.21802282333374023,0.269523948431015,0.21959352493286133,0.24237178266048431,0.2091323733329773,0.19907011091709137,0.17110861837863922,0.19523388147354126,0.2935943603515625,0.21520283818244934,0.2255304455757141,0.2005935162305832,0.18916809558868408,0.23450282216072083,0.20036286115646362,0.23204034566879272,0.2430926263332367,0.25767624378204346,0.2330320030450821,0.2608359158039093,0.23365890979766846,0.21396568417549133,0.20268280804157257,0.2306932657957077,0.2234506756067276,0.24466527998447418,0.24186646938323975,0.23311515152454376,0.25237056612968445,0.17186161875724792,0.26510488986968994,0.278358519077301,0.19756488502025604,0.1857006996870041,0.22201037406921387,0.17965728044509888,0.17157423496246338
2021-03-14,0.17524202167987823,0.23806527256965637,0.17447715997695923,0.2326715588569641,0.2322695106267929,0.17982825636863708,0.2216331958770752,0.27534598112106323,0.22398672997951508,0.24777156114578247,0.21489325165748596,0.20480728149414062,0.17852619290351868,0.20109309256076813,0.30030786991119385,0.22066396474838257,0.23105522990226746,0.20668573677539825,0.1953917145729065,0.23933205008506775,0.20432370901107788,0.23714053630828857,0.24835442006587982,0.2614308297634125,0.23889826238155365,0.2639789581298828,0.2392367720603943,0.21635031700134277,0.20523807406425476,0.23319841921329498,0.2269584834575653,0.24882778525352478,0.24488016963005066,0.23531639575958252,0.2573125660419464,0.1783118098974228,0.26820117235183716,0.2820921242237091,0.20126304030418396,0.19288456439971924,0.2276441752910614,0.18260857462882996,0.1729956865310669
2021-03-15,0.17658831179141998,0.2423102855682373,0.17819169163703918,0.23743703961372375,0.23674233257770538,0.1807599663734436,0.22523948550224304,0.2811630964279175,0.22837336361408234,0.25316673517227173,0.22064785659313202,0.21053862571716309,0.1858980506658554,0.20694608986377716,0.3070146441459656,0.22608311474323273,0.23657475411891937,0.21277156472206116,0.20160861313343048,0.2441573590040207,0.20828063786029816,0.24223627150058746,0.2536117434501648,0.26517507433891296,0.24475890398025513,0.2671206295490265,0.24480950832366943,0.21873560547828674,0.2077932208776474,0.2357008308172226,0.23046369850635529,0.2529880106449127,0.24788984656333923,0.23751749098300934,0.26225045323371887,0.18475303053855896,0.2712930738925934,0.28582122921943665,0.2049582600593567,0.2000596523284912,0.23327217996120453,0.18555845320224762,0.1744185984134674
2021-03-16,0.17793431878089905,0.24655325710773468,0.18190304934978485,0.242188960313797,0.24119225144386292,0.1816936433315277,0.22884294390678406,0.2869768738746643,0.2327554076910019,0.2585587501525879,0.22639814019203186,0.21626606583595276,0.19322577118873596,0.21279476583003998,0.3137167990207672,0.23147279024124146,0.24209070205688477,0.21885301172733307,0.20782089233398438,0.24898001551628113,0.21223491430282593,0.2473289519548416,0.25886598229408264,0.26891207695007324,0.2506156861782074,0.27026131749153137,0.25037869811058044,0.22112120687961578,0.21034830808639526,0.2382013499736786,0.233967125415802,0.2571466863155365,0.25089675188064575,0.2397184669971466,0.26718562841415405,0.19118772447109222,0.27438193559646606,0.2895471155643463,0.2086515575647354,0.20722854137420654,0.23889608681201935,0.18850737810134888,0.1758425533771515
2021-03-17,0.1792801320552826,0.2507949769496918,0.18561241030693054,0.2469320148229599,0.24562732875347137,0.18262848258018494,0.2324446141719818,0.292788565158844,0.23713454604148865,0.26394882798194885,0.23214572668075562,0.22199119627475739,0.20051394402980804,0.21864065527915955,0.3204159438610077,0.2368433177471161,0.24760444462299347,0.22493170201778412,0.21403026580810547,0.25380104780197144,0.21618753671646118,0.25241971015930176,0.2641183137893677,0.2726443409919739,0.2564699947834015,0.27340129017829895,0.2559456527233124,0.22350680828094482,0.21290330588817596,0.24070066213607788,0.23746941983699799,0.26130449771881104,0.2539019286632538,0.2419193834066391,0.27211907505989075,0.19761773943901062,0.2774689197540283,0.2932709753513336,0.21234379708766937,0.2143932580947876,0.2445172518491745,0.19145572185516357,0.17726711928844452
2021-03-18,0.18062585592269897,0.2550361454486847,0.18932068347930908,0.2516699433326721,0.25005388259887695,0.18356391787528992,0.23604534566402435,0.29859912395477295,0.24151204526424408,0.26933786273002625,0.23789183795452118,0.22771525382995605,0.20776870846748352,0.22448493540287018,0.3271133601665497,0.24220281839370728,0.25311702489852905,0.2310088574886322,0.22023801505565643,0.2586212456226349,0.22013935446739197,0.2575094401836395,0.26936960220336914,0.276373952627182,0.2623228430747986,0.2765408456325531,0.26151126623153687,0.2258920967578888,0.21545825898647308,0.24319933354854584,0.24097102880477905,0.26546189188957214,0.2569061815738678,0.244120255112648,0.277051717042923,0.20404420793056488,0.28055498003959656,0.296993613243103,0.21603569388389587,0.22155515849590302,0.2501366138458252,0.1944037675857544,0.1786920428276062
2021-03-19,0.18197156488895416,0.2592773139476776,0.1930285543203354,0.25640538334846497,0.2544766366481781,0.18449948728084564,0.2396457940340042,0.30440932512283325,0.2458888590335846,0.274726539850235,0.24363738298416138,0.23343922197818756,0.21499662101268768,0.23032841086387634,0.33380988240242004,0.24755728244781494,0.25862929224967957,0.23708538711071014,0.22644513845443726,0.263441264629364,0.224091038107872,0.26259875297546387,0.27462050318717957,0.28010234236717224,0.2681749761104584,0.2796801030635834,0.2670762240886688,0.2282768040895462,0.21801315248012543,0.2456977665424347,0.24447223544120789,0.2696191966533661,0.25991004705429077,0.24632114171981812,0.2819841504096985,0.21046769618988037,0.2836407423019409,0.3007155656814575,0.21972787380218506,0.22871510684490204,0.255754679441452,0.19735173881053925,0.18011708557605743
2021-03-20,0.18331727385520935,0.26351895928382874,0.19673646986484528,0.26114019751548767,0.25889891386032104,0.1854349821805954,0.24324645102024078,0.31021958589553833,0.25026562809944153,0.2801153063774109,0.24938300251960754,0.23916377127170563,0.2222040593624115,0.2361716479063034,0.34050601720809937,0.25291094183921814,0.26414185762405396,0.2431618720293045,0.2326522171497345,0.268261581659317,0.2280430793762207,0.267688125371933,0.27987146377563477,0.2838306128978729,0.27402687072753906,0.28281915187835693,0.2726408541202545,0.23066061735153198,0.22056794166564941,0.24819621443748474,0.2479732185602188,0.273776650428772,0.2629139721393585,0.24852202832698822,0.2869167625904083,0.21688826382160187,0.2867267429828644,0.30443719029426575,0.22342079877853394,0.23587344586849213,0.26137179136276245,0.20029981434345245,0.18154209852218628
2021-03-21,0.18466302752494812,0.2677614390850067,0.200444757938385,0.26587551832199097,0.2633228302001953,0.18637028336524963,0.2468477040529251,0.31603023409843445,0.2546428143978119,0.28550440073013306,0.2551290988922119,0.24488937854766846,0.2293967306613922,0.24201491475105286,0.34720203280448914,0.25826647877693176,0.26965510845184326,0.24923866987228394,0.2388596385717392,0.27308255434036255,0.2319958657026291,0.272777795791626,0.28512275218963623,0.2875594198703766,0.2798786461353302,0.28595811128616333,0.27820536494255066,0.23304331302642822,0.22312264144420624,0.2506948709487915,0.2514740228652954,0.27793434262275696,0.26591819524765015,0.2507229447364807,0.29184988141059875,0.22330547869205475,0.2898132801055908,0.3081586956977844,0.22711487114429474,0.24303007125854492,0.2669878602027893,0.2032480537891388,0.18296700716018677
2021-03-22,0.18600882589817047,0.2720050811767578,0.20415358245372772,0.2706119120121002,0.26774969696998596,0.18730546534061432,0.2504498362541199,0.32184135913848877,0.25902059674263,0.2908939719200134,0.2608759105205536,0.2506163418292999,0.23657947778701782,0.24785837531089783,0.35389792919158936,0.26362547278404236,0.27516934275627136,0.2553159296512604,0.24506758153438568,0.2779044806957245,0.23594968020915985,0.2778679430484772,0.2903745472431183,0.29128921031951904,0.2857303321361542,0.28909701108932495,0.2837696969509125,0.2354246973991394,0.22567717730998993,0.25319382548332214,0.2549746334552765,0.28209230303764343,0.2689228653907776,0.2529238760471344,0.29678356647491455,0.22971868515014648,0.29290053248405457,0.31188011169433594,0.23081041872501373,0.2501846253871918,0.2726026773452759,0.20619656145572662,0.18439176678657532
2021-03-23,0.18735471367835999,0.2762501537799835,0.20786306262016296,0.27534955739974976,0.27218008041381836,0.188240647315979,0.2540530860424042,0.3276529908180237,0.2633990943431854,0.2962839901447296,0.26662349700927734,0.2563447952270508,0.24375613033771515,0.2537020146846771,0.3605935871601105,0.26898854970932007,0.28068479895591736,0.2613936960697174,0.25127607583999634,0.28272753953933716,0.2399047315120697,0.28295862674713135,0.2956269085407257,0.2950201630592346,0.2915818393230438,0.2922359108924866,0.2893337905406952,0.2378046065568924,0.2282315194606781,0.2556931674480438,0.2584749460220337,0.28625038266181946,0.27192798256874084,0.2551248371601105,0.3017178773880005,0.2361270636320114,0.29598864912986755,0.3156013786792755,0.23450766503810883,0.2573365867137909,0.2782159447669983,0.20914539694786072,0.18581636250019073
2021-03-24,0.18870066106319427,0.2804969549179077,0.21157322824001312,0.28008833527565,0.2766140401363373,0.18917615711688995,0.25765761733055115,0.333465039730072,0.2677782475948334,0.30167439579963684,0.2723718583583832,0.26207470893859863,0.2509295642375946,0.25954583287239075,0.3672887682914734,0.27435576915740967,0.286201536655426,0.26747187972068787,0.2574850916862488,0.2875518798828125,0.24386116862297058,0.2880498170852661,0.3008798360824585,0.2987523376941681,0.29743292927742004,0.29537487030029297,0.2948973774909973,0.240183025598526,0.23078559339046478,0.25819283723831177,0.2619747817516327,0.2904084324836731,0.2749336361885071,0.25732579827308655,0.3066527545452118,0.24252991378307343,0.2990776002407074,0.319322407245636,0.23820677399635315,0.26448529958724976,0.2838272750377655,0.2120945006608963,0.18724076449871063
2021-03-25,0.19004668295383453,0.2847456634044647,0.215284064412117,0.2848280370235443,0.2810513973236084,0.19011236727237701,0.26126351952552795,0.33927732706069946,0.2721579670906067,0.30706503987312317,0.27812090516090393,0.26780587434768677,0.25810182094573975,0.26538974046707153,0.3739832937717438,0.2797268033027649,0.2917196750640869,0.2735503315925598,0.2636944353580475,0.29237762093544006,0.24781906604766846,0.2931414544582367,0.30613330006599426,0.3024856746196747,0.30328336358070374,0.2985139787197113,0.30046021938323975,0.24256007373332977,0.23333941400051117,0.26069286465644836,0.26547402143478394,0.29456615447998047,0.27793973684310913,0.259526789188385,0.31158795952796936,0.24892686307430267,0.3021673560142517,0.32304316759109497,0.24190771579742432,0.27163025736808777,0.28943637013435364,0.21504391729831696,0.18866503238677979
2021-03-26,0.19139274954795837,0.2889963388442993,0.21899555623531342,0.28956839442253113,0.2854917347431183,0.1910497099161148,0.26487091183662415,0.34508970379829407,0.2765381336212158,0.3124556839466095,0.2838706076145172,0.2735379934310913,0.2652741074562073,0.27123379707336426,0.38067692518234253,0.28510114550590515,0.29723918437957764,0.2796289920806885,0.2699040472507477,0.29720479249954224,0.25177842378616333,0.2982335090637207,0.31138724088668823,0.3062201142311096,0.3091329336166382,0.30165335536003113,0.30602216720581055,0.24493613839149475,0.2358928769826889,0.2631932497024536,0.2689725160598755,0.2987232506275177,0.2809462547302246,0.2617277204990387,0.31652331352233887,0.25531822443008423,0.30525779724121094,0.3267636001110077,0.245610311627388,0.278771311044693,0.29504311084747314,0.2179935723543167,0.19008919596672058
2021-03-27,0.19273889064788818,0.2932490408420563,0.22270768880844116,0.29430919885635376,0.28993460536003113,0.1919887661933899,0.26847967505455017,0.35090193152427673,0.28091853857040405,0.3178461492061615,0.28962069749832153,0.2792704403400421,0.27244696021080017,0.2770780920982361,0.38736963272094727,0.2904782295227051,0.3027600347995758,0.2857077121734619,0.27611374855041504,0.30203333497047424,0.25573909282684326,0.3033258616924286,0.31664159893989563,0.30995553731918335,0.3149815797805786,0.3047932982444763,0.31158310174942017,0.24731190502643585,0.23844602704048157,0.26569393277168274,0.2724702060222626,0.3028792440891266,0.28395310044288635,0.2639286518096924,0.3214584290981293,0.26170533895492554,0.30834874510765076,0.33048388361930847,0.24931414425373077,0.2859088182449341,0.3006477952003479,0.22094343602657318,0.19151325523853302
2021-03-28,0.1940850466489792,0.2975035011768341,0.22642043232917786,0.2990504801273346,0.29437950253486633,0.19293004274368286,0.27208974957466125,0.35671374201774597,0.28529906272888184,0.3232361674308777,0.2953711152076721,0.2850024402141571,0.2796204388141632,0.2829229235649109,0.3940615952014923,0.29585763812065125,0.3082819879055023,0.29178643226623535,0.2823235094547272,0.30686309933662415,0.25970080494880676,0.30841848254203796,0.3218962848186493,0.31369176506996155,0.32082927227020264,0.30793410539627075,0.317143052816391,0.24968844652175903,0.24099887907505035,0.26819491386413574,0.27596715092658997,0.3070337176322937,0.2869602143764496,0.2661294937133789,0.3263929486274719,0.26809099316596985,0.3114399313926697,0.3342042863368988,0.25301840901374817,0.29304394125938416,0.3062511086463928,0.22389338910579681,0.19293728470802307
2021-03-29,0.19543123245239258,0.30175918340682983,0.2301337718963623,0.3037925064563751,0.2988259196281433,0.19387412071228027,0.27570077776908875,0.3625248372554779,0.28967946767807007,0.32862553000450134,0.3011215925216675,0.29073289036750793,0.28679418563842773,0.2887687683105469,0.40075328946113586,0.3012389540672302,0.3138048052787781,0.2978651821613312,0.2885333299636841,0.3116937279701233,0.26366302371025085,0.31351128220558167,0.32715126872062683,0.3174287974834442,0.3266763687133789,0.3110761344432831,0.32270240783691406,0.2520673871040344,0.24355153739452362,0.2706961929798126,0.27946361899375916,0.31118613481521606,0.2899675667285919,0.26833027601242065,0.33132636547088623,0.2744798958301544,0.31453099846839905,0.33792534470558167,0.2567218542098999,0.3001790940761566,0.3118545413017273,0.22684329748153687,0.19436128437519073
2021-03-30,0.19677740335464478,0.3060151934623718,0.23384764790534973,0.3085358738899231,0.303273469209671,0.19482138752937317,0.27931225299835205,0.36833515763282776,0.2940596044063568,0.33401399850845337,0.30687204003334045,0.2964603006839752,0.29396745562553406,0.29461634159088135,0.4074455797672272,0.30662214756011963,0.3193278908729553,0.3039441406726837,0.2947433590888977,0.3165246546268463,0.26762494444847107,0.3186042308807373,0.33240649104118347,0.32116642594337463,0.33252352476119995,0.3142198920249939,0.3282617926597595,0.2544509470462799,0.2461041659116745,0.273197740316391,0.28296005725860596,0.3153360188007355,0.2929750680923462,0.27053090929985046,0.3362581431865692,0.2808791995048523,0.31762152910232544,0.34164783358573914,0.2604227364063263,0.3073180019855499,0.31746047735214233,0.229792982339859,0.1957853138446808
2021-03-31,0.19812354445457458,0.31027013063430786,0.23756198585033417,0.31328171491622925,0.3077217638492584,0.19577212631702423,0.28292328119277954,0.37414443492889404,0.2984394133090973,0.3394014537334442,0.31262218952178955,0.3021829128265381,0.30113932490348816,0.3004666864871979,0.41413992643356323,0.31200742721557617,0.32485052943229675,0.31002360582351685,0.30095386505126953,0.32135501503944397,0.2715854048728943,0.3236973285675049,0.33766186237335205,0.32490453124046326,0.33837178349494934,0.31736597418785095,0.3338223695755005,0.2568419575691223,0.24865703284740448,0.27569955587387085,0.2864573001861572,0.3194829225540161,0.2959827482700348,0.27273136377334595,0.34118765592575073,0.28729888796806335,0.3207108676433563,0.3453729450702667,0.26411864161491394,0.314466267824173,0.3230723440647125,0.23274217545986176,0.19720935821533203
2021-04-01,0.19946959614753723,0.3145218789577484,0.24127669632434845,0.31803157925605774,0.31217044591903687,0.19672620296478271,0.28653258085250854,0.37995269894599915,0.30281880497932434,0.3447878062725067,0.31837186217308044,0.3078985810279846,0.30830878019332886,0.3063211441040039,0.4208383560180664,0.3173951804637909,0.3303716480731964,0.31610405445098877,0.307165265083313,0.3261834979057312,0.2755427360534668,0.328790545463562,0.3429173231124878,0.3286430239677429,0.3442228138446808,0.320514976978302,0.3393858075141907,0.25924399495124817,0.2512105703353882,0.2782015800476074,0.2899564504623413,0.3236265778541565,0.29899048805236816,0.2749316096305847,0.3461143374443054,0.2937522530555725,0.3237982988357544,0.349102258682251,0.26780638098716736,0.32163164019584656,0.3286949396133423,0.23569060862064362,0.19863344728946686
2021-04-02,0.20081554353237152,0.31876763701438904,0.24499155580997467,0.32278767228126526,0.31661921739578247,0.19768309593200684,0.29013851284980774,0.38575994968414307,0.3071977496147156,0.3501731753349304,0.3241208791732788,0.31360477209091187,0.3154747784137726,0.3121812641620636,0.42754366993904114,0.32278627157211304,0.33588969707489014,0.3221862018108368,0.313378244638443,0.3310083746910095,0.27949488162994385,0.3338839113712311,0.34817278385162354,0.3323816955089569,0.350078821182251,0.3236675560474396,0.34495437145233154,0.26166126132011414,0.2537653148174286,0.2807038128376007,0.2934591472148895,0.3277670443058014,0.3019983470439911,0.27713167667388916,0.3510375916957855,0.30025580525398254,0.326882928609848,0.3528376817703247,0.2714821398258209,0.32882410287857056,0.3343344032764435,0.23863787949085236,0.20005759596824646
2021-04-03,0.2021612823009491,0.32300373911857605,0.24870626628398895,0.3275526463985443,0.32106778025627136,0.19864144921302795,0.29373884201049805,0.39156654477119446,0.31157636642456055,0.3555578291416168,0.32986903190612793,0.3192989230155945,0.32263651490211487,0.31804895401000977,0.4342593252658844,0.3281817138195038,0.3414028584957123,0.32827094197273254,0.3195935785770416,0.33582738041877747,0.28343909978866577,0.3389774560928345,0.3534281849861145,0.3361203670501709,0.35594281554222107,0.32682421803474426,0.35053107142448425,0.2640983462333679,0.2563219666481018,0.28320613503456116,0.296967476606369,0.33190470933914185,0.3050062358379364,0.2793315351009369,0.3559570014476776,0.3068293631076813,0.329963743686676,0.35658153891563416,0.2751413583755493,0.3360559940338135,0.339998334646225,0.24158355593681335,0.20148178935050964
2021-04-04,0.20350678265094757,0.3272257149219513,0.25242045521736145,0.33232977986335754,0.32551583647727966,0.19959911704063416,0.29733073711395264,0.3973729908466339,0.3159548044204712,0.36094239354133606,0.33561617136001587,0.32497841119766235,0.3297935128211975,0.32392618060112,0.44098955392837524,0.33358287811279297,0.34690871834754944,0.33435940742492676,0.32581236958503723,0.34063777327537537,0.287372350692749,0.34407123923301697,0.35868334770202637,0.33985862135887146,0.3618183434009552,0.3299853503704071,0.35611963272094727,0.26656007766723633,0.2588813900947571,0.285708487033844,0.3004840612411499,0.33604058623313904,0.3080140948295593,0.28153112530708313,0.36087241768836975,0.3134951591491699,0.33303970098495483,0.3603363633155823,0.27877897024154663,0.34334173798561096,0.3456955850124359,0.2445271760225296,0.20290598273277283
2021-04-05,0.20485195517539978,0.331428200006485,0.25613346695899963,0.3371225893497467,0.3299630582332611,0.20055264234542847,0.30091097950935364,0.4031802713871002,0.3203335106372833,0.3663277328014374,0.3413621187210083,0.3306410014629364,0.3369458317756653,0.3298148214817047,0.4477391839027405,0.3389911651611328,0.3524046540260315,0.34045296907424927,0.3320358395576477,0.34543630480766296,0.2912910282611847,0.3491653800010681,0.3639381527900696,0.34359607100486755,0.3677096664905548,0.33315086364746094,0.3617243766784668,0.26905083656311035,0.26144468784332275,0.28821060061454773,0.30401185154914856,0.34017661213874817,0.3110218942165375,0.2837306261062622,0.36578404903411865,0.3202764689922333,0.3361096680164337,0.36410486698150635,0.2823898196220398,0.35069724917411804,0.3514358401298523,0.2474682778120041,0.20433014631271362
2021-04-06,0.20619672536849976,0.3356054425239563,0.259844571352005,0.34193480014801025,0.3344091475009918,0.20149727165699005,0.304475873708725,0.40898963809013367,0.32471299171447754,0.3717151880264282,0.3471069037914276,0.33628538250923157,0.3440943956375122,0.33571648597717285,0.4545133113861084,0.3444080054759979,0.35788753628730774,0.3465530276298523,0.3382652699947357,0.35021936893463135,0.2951914370059967,0.3542598783969879,0.3691923916339874,0.3473321795463562,0.37362149357795715,0.33632025122642517,0.3673499822616577,0.27157390117645264,0.2640129029750824,0.29071229696273804,0.3075542151927948,0.3443155884742737,0.3140295445919037,0.2859300374984741,0.37069278955459595,0.327195405960083,0.33917275071144104,0.3678894639015198,0.2859691083431244,0.35813868045806885,0.35722893476486206,0.2504063844680786,0.20575419068336487
2021-04-07,0.2075410634279251,0.3397514522075653,0.26355281472206116,0.3467697203159332,0.3388536274433136,0.20242661237716675,0.3080216348171234,0.4148029685020447,0.3290940523147583,0.377106636762619,0.3528505861759186,0.3419116735458374,0.3512413203716278,0.34163203835487366,0.4613168239593506,0.3498345911502838,0.36335426568984985,0.35266104340553284,0.34450212121009827,0.35498327016830444,0.2990700304508209,0.3593548834323883,0.3744458258152008,0.3510662019252777,0.37955862283706665,0.3394920527935028,0.3730013966560364,0.27413034439086914,0.2665872275829315,0.2932131886482239,0.31111451983451843,0.34846171736717224,0.3170369565486908,0.2881295680999756,0.37560033798217773,0.33426937460899353,0.34222832322120667,0.37169206142425537,0.28951337933540344,0.36568063497543335,0.3630836606025696,0.25334128737449646,0.2071780115365982
2021-04-08,0.20888487994670868,0.3438607156276703,0.26725706458091736,0.35162976384162903,0.34329620003700256,0.20333251357078552,0.31154459714889526,0.4206225574016571,0.333477646112442,0.3825044333934784,0.3585934638977051,0.34752243757247925,0.358390212059021,0.3475610613822937,0.46815383434295654,0.3552715480327606,0.368802011013031,0.35877835750579834,0.35074755549430847,0.35972458124160767,0.3029239773750305,0.3644504249095917,0.37969812750816345,0.3547973334789276,0.38552528619766235,0.34266382455825806,0.37868285179138184,0.2767176926136017,0.2691686749458313,0.29571279883384705,0.31469589471817017,0.35262060165405273,0.32004401087760925,0.2903294563293457,0.38050949573516846,0.34150615334510803,0.345276415348053,0.37551331520080566,0.29302147030830383,0.3733333945274353,0.36900603771209717,0.2562728226184845,0.20860148966312408
2021-04-09,0.21022821962833405,0.34792932868003845,0.27095600962638855,0.35651546716690063,0.3477363884449005,0.2042052298784256,0.31504204869270325,0.42645135521888733,0.33786508440971375,0.38791152834892273,0.3643360435962677,0.3531235456466675,0.3655465543270111,0.35350123047828674,0.4750264883041382,0.36071860790252686,0.37422868609428406,0.3649057447910309,0.3570023775100708,0.36444079875946045,0.3067519962787628,0.369546502828598,0.38494905829429626,0.3585245609283447,0.3915245831012726,0.34583163261413574,0.3843974769115448,0.27932819724082947,0.2717580497264862,0.29821059107780457,0.3183004856109619,0.3567994236946106,0.32305049896240234,0.29253003001213074,0.38542455434799194,0.3488976061344147,0.3483179211616516,0.3793518841266632,0.29649609327316284,0.38109922409057617,0.37499701976776123,0.25920137763023376,0.21002446115016937
2021-04-10,0.2115711122751236,0.3519561290740967,0.2746483087539673,0.3614245057106018,0.3521738350391388,0.2050335705280304,0.3185127377510071,0.4322926998138428,0.3422578275203705,0.3933313488960266,0.37007924914360046,0.3587253987789154,0.3727181851863861,0.3594474792480469,0.48193371295928955,0.36617395281791687,0.3796335458755493,0.3710433840751648,0.3632667064666748,0.3691311180591583,0.31055521965026855,0.37464308738708496,0.390198290348053,0.36224690079689026,0.39755719900131226,0.34898990392684937,0.39014583826065063,0.2819467782974243,0.274355411529541,0.3007059395313263,0.3219287395477295,0.3610070049762726,0.32605627179145813,0.2947317957878113,0.3903513550758362,0.3564116358757019,0.3513551354408264,0.38320356607437134,0.2999458312988281,0.38896748423576355,0.3810496926307678,0.2621278166770935,0.21144673228263855
2021-04-11,0.21291370689868927,0.35594460368156433,0.27833259105682373,0.36635032296180725,0.3566083312034607,0.20580561459064484,0.3219582438468933,0.4381503462791443,0.3466576039791107,0.39876773953437805,0.3758243918418884,0.3643442690372467,0.379915326833725,0.36539116501808167,0.48886945843696594,0.37163373827934265,0.38501834869384766,0.3771899938583374,0.3695394992828369,0.37379756569862366,0.3143385648727417,0.37974002957344055,0.3954455852508545,0.365963339805603,0.40362006425857544,0.3521309792995453,0.3959246873855591,0.28454887866973877,0.2769601047039032,0.3031981587409973,0.3255785405635834,0.3652534484863281,0.3290611207485199,0.29693523049354553,0.395297646522522,0.363982617855072,0.3543922007083893,0.3870600759983063,0.3033870756626129,0.39690861105918884,0.3871452212333679,0.26505374908447266,0.2128680795431137
2021-04-12,0.21425628662109375,0.3599049746990204,0.2820078730583191,0.3712805211544037,0.36103978753089905,0.20650972425937653,0.3253839910030365,0.4440280795097351,0.35106605291366577,0.4042244851589203,0.3815732002258301,0.37000343203544617,0.38715094327926636,0.3713190257549286,0.49582070112228394,0.37709131836891174,0.390388160943985,0.3833426833152771,0.37581804394721985,0.37844619154930115,0.31811222434043884,0.3848370909690857,0.40069079399108887,0.3696729838848114,0.4097045660018921,0.35524511337280273,0.40172508358955383,0.2870979905128479,0.27956998348236084,0.30568650364875793,0.3292437791824341,0.36954987049102783,0.33206480741500854,0.2991410493850708,0.4002731740474701,0.37150052189826965,0.35743552446365356,0.390907883644104,0.30684664845466614,0.4048672914505005,0.39324888586997986,0.2679818272590637,0.21428830921649933
2021-04-13,0.21559928357601166,0.36385685205459595,0.285673588514328,0.3761950135231018,0.3654685318470001,0.2071361392736435,0.3288011848926544,0.4499293267726898,0.35548490285873413,0.40970516204833984,0.38732802867889404,0.3757344186306,0.3944404423236847,0.3772122263908386,0.5027650594711304,0.3825365900993347,0.3957529366016388,0.3894960284233093,0.38209739327430725,0.3830888271331787,0.3218934237957001,0.38993385434150696,0.40593385696411133,0.37337541580200195,0.41579440236091614,0.358320415019989,0.407530277967453,0.28954359889030457,0.28218117356300354,0.3081704080104828,0.3329129219055176,0.37390726804733276,0.3350672125816345,0.3013499677181244,0.4052894115447998,0.37879958748817444,0.360494464635849,0.39472684264183044,0.310364305973053,0.4127545654773712,0.3993052542209625,0.2709158957004547,0.2157072126865387
2021-04-14,0.21694329380989075,0.36783188581466675,0.2893301248550415,0.38106444478034973,0.369895339012146,0.20767930150032043,0.3322281837463379,0.4558565616607666,0.3599153161048889,0.4152121841907501,0.3930917978286743,0.3815774917602539,0.40180137753486633,0.38304564356803894,0.5096684694290161,0.3879551589488983,0.4011288583278656,0.3956414461135864,0.38836970925331116,0.3877446949481964,0.3257081210613251,0.3950296640396118,0.41117504239082336,0.37707075476646423,0.4218635559082031,0.36134302616119385,0.41331353783607483,0.2918195128440857,0.28478729724884033,0.31064942479133606,0.3365674316883087,0.3783353567123413,0.3380681276321411,0.303562730550766,0.4103594124317169,0.38564759492874146,0.36358165740966797,0.39848896861076355,0.31399500370025635,0.4204399883747101,0.40523338317871094,0.27386122941970825,0.21712467074394226
2021-04-15,0.21828913688659668,0.37187689542770386,0.2929792106151581,0.38584834337234497,0.3743216395378113,0.20814096927642822,0.33569276332855225,0.46181026101112366,0.36435776948928833,0.42074620723724365,0.3988679051399231,0.38758182525634766,0.4092521071434021,0.3887873589992523,0.516482412815094,0.39332786202430725,0.40653982758522034,0.40176650881767273,0.3946235477924347,0.3924421966075897,0.32959285378456116,0.40012362599372864,0.4164150655269623,0.3807600438594818,0.4278737008571625,0.36429786682128906,0.4190356135368347,0.29384326934814453,0.2873791754245758,0.31312352418899536,0.34018009901046753,0.38284045457839966,0.3410675823688507,0.3057800829410553,0.41549673676490784,0.3917369544506073,0.36671337485313416,0.4021575450897217,0.3178107440471649,0.42774441838264465,0.41092240810394287,0.27682462334632874,0.21854065358638763
2021-04-16,0.2196379154920578,0.37605640292167664,0.29662445187568665,0.39049404859542847,0.3787497580051422,0.20853400230407715,0.3392335772514343,0.4677880108356476,0.36881154775619507,0.42630475759506226,0.4046601951122284,0.3938041925430298,0.4168102741241455,0.39439883828163147,0.5231422781944275,0.3986303210258484,0.41201895475387573,0.4078543186187744,0.4008432626724243,0.39722079038619995,0.3335960805416107,0.40521466732025146,0.4216550290584564,0.38444581627845764,0.43377217650413513,0.3671698272228241,0.4246427118778229,0.2955171763896942,0.2899440824985504,0.31559330224990845,0.34371352195739746,0.3874228298664093,0.34406569600105286,0.3080025315284729,0.42071425914764404,0.39668092131614685,0.3699095845222473,0.40568679571151733,0.3219011127948761,0.4344349801540375,0.416228711605072,0.27981463074684143,0.21995526552200317
2021-04-17,0.22099091112613678,0.3804546892642975,0.30027204751968384,0.3949362635612488,0.3831831216812134,0.2088872790336609,0.34290170669555664,0.47378289699554443,0.3732740581035614,0.43188098073005676,0.410472571849823,0.40030637383461,0.4244900345802307,0.39983606338500977,0.5295660495758057,0.40383318066596985,0.4176096022129059,0.41388294100761414,0.40700870752334595,0.40213194489479065,0.33777883648872375,0.4103012979030609,0.4268967807292938,0.38813236355781555,0.43949052691459656,0.36994558572769165,0.4300648868083954,0.2967320382595062,0.292465478181839,0.31806015968322754,0.3471190929412842,0.39207327365875244,0.347062885761261,0.3102302849292755,0.42602217197418213,0.400016725063324,0.3731934428215027,0.40902239084243774,0.3263722062110901,0.44022345542907715,0.42097508907318115,0.28284111618995667,0.2213689088821411
2021-04-18,0.22234970331192017,0.3851763904094696,0.303931325674057,0.39909827709198,0.3876263499259949,0.20925091207027435,0.3467612564563751,0.4797820746898651,0.37774011492729187,0.4374617636203766,0.41630876064300537,0.407150000333786,0.4322982132434845,0.4050517678260803,0.5356548428535461,0.4089029133319855,0.4233657121658325,0.41982561349868774,0.41309502720832825,0.4072398841381073,0.342214435338974,0.41538190841674805,0.4321429133415222,0.391826331615448,0.44494396448135376,0.3726162612438202,0.4352157711982727,0.2973741292953491,0.29492291808128357,0.320526659488678,0.3503365218639374,0.3967687785625458,0.3500598669052124,0.31246307492256165,0.4314250648021698,0.4012206196784973,0.3765903115272522,0.41210344433784485,0.331342488527298,0.44477128982543945,0.4249538779258728,0.2859151363372803,0.22278232872486115
2021-04-19,0.2237159162759781,0.3903450667858124,0.3076155483722687,0.4028948247432709,0.39208558201789856,0.20970217883586884,0.3508886694908142,0.4857648015022278,0.3822011947631836,0.44302621483802795,0.4221715033054352,0.4143889844417572,0.4402296543121338,0.4099997580051422,0.5412954092025757,0.4138036370277405,0.42935115098953247,0.4256509840488434,0.4190731942653656,0.4126204550266266,0.34698593616485596,0.42045459151268005,0.4373970031738281,0.39553725719451904,0.4500328600406647,0.3751812279224396,0.4399939775466919,0.29733705520629883,0.2972923219203949,0.32299694418907166,0.3532949388027191,0.40146762132644653,0.3530578315258026,0.314699649810791,0.4369182586669922,0.39973893761634827,0.38012567162513733,0.41486644744873047,0.3369351923465729,0.4477032721042633,0.42793595790863037,0.2890479862689972,0.2241966724395752
2021-04-20,0.22509126365184784,0.396098256111145,0.31134232878685,0.4062381982803345,0.39656829833984375,0.2103511393070221,0.35537025332450867,0.49170058965682983,0.386644572019577,0.4485434591770172,0.4280618131160736,0.4220583140850067,0.448260635137558,0.41464102268218994,0.5463666915893555,0.41850024461746216,0.43563714623451233,0.43132466077804565,0.424911230802536,0.4183585047721863,0.3521815240383148,0.4255174398422241,0.44266360998153687,0.3992778956890106,0.4546467065811157,0.37765249609947205,0.4442872405052185,0.2965390086174011,0.29954707622528076,0.3254769742488861,0.35591578483581543,0.40610411763191223,0.3560585081577301,0.3169378340244293,0.442483127117157,0.3950401544570923,0.3838222920894623,0.4172516465187073,0.3432654142379761,0.4486338198184967,0.4296870231628418,0.29224997758865356,0.22561366856098175
2021-04-21,0.22647728025913239,0.4025783836841583,0.3151338994503021,0.40904754400253296,0.4010833203792572,0.2113455832004547,0.3602968454360962,0.49754759669303894,0.3910524845123291,0.45397114753723145,0.433977872133255,0.4301588833332062,0.4563416540622711,0.41895294189453125,0.5507502555847168,0.42296332120895386,0.4422978460788727,0.43681177496910095,0.4305766820907593,0.4245421290397644,0.35788628458976746,0.4305686354637146,0.4479484260082245,0.403064489364624,0.45867177844047546,0.38006091117858887,0.4479804039001465,0.29494723677635193,0.3016597032546997,0.3279748558998108,0.3581181764602661,0.4105830788612366,0.3590642511844635,0.31917375326156616,0.44808143377304077,0.3866943418979645,0.3876954913139343,0.4192127585411072,0.3504211902618408,0.44720926880836487,0.42999404668807983,0.29552868008613586,0.22703564167022705
2021-04-22,0.22787494957447052,0.4099175035953522,0.3190169334411621,0.4112631380558014,0.40564045310020447,0.21287371218204498,0.3657550811767578,0.5032514929771423,0.39540156722068787,0.4592539966106415,0.4399135112762451,0.4386381506919861,0.46438872814178467,0.4229412376880646,0.5543463826179504,0.42717596888542175,0.44940242171287537,0.4420810639858246,0.4360402226448059,0.4312536418437958,0.364169716835022,0.43560686707496643,0.4532579183578491,0.4069168269634247,0.4620037078857422,0.38246244192123413,0.4509681761264801,0.2926095724105835,0.3036050796508789,0.33050107955932617,0.35982781648635864,0.4147751033306122,0.36207813024520874,0.3214018642902374,0.45364925265312195,0.374484121799469,0.39174729585647583,0.4207303524017334,0.3584371507167816,0.4431701898574829,0.42870399355888367,0.2988862991333008,0.22846566140651703
2021-04-23,0.22928446531295776,0.4182155430316925,0.3230219781398773,0.4128653407096863,0.410249799489975,0.21516375243663788,0.37181442975997925,0.5087447166442871,0.3996625542640686,0.4643236994743347,0.4458567798137665,0.4473668038845062,0.47227486968040466,0.426655113697052,0.5570971369743347,0.4311429560184479,0.45700395107269287,0.4471106231212616,0.4412810802459717,0.4385561943054199,0.3710687458515167,0.44063159823417664,0.4585992097854614,0.4108576774597168,0.4645652174949646,0.3849456012248993,0.4531734585762024,0.2896937429904938,0.30536460876464844,0.33306851983070374,0.3609895706176758,0.4185134172439575,0.36510390043258667,0.3236142694950104,0.4590901732444763,0.35855013132095337,0.3959585428237915,0.42182913422584534,0.36726051568984985,0.43643590807914734,0.4257759153842926,0.30231648683547974,0.22990751266479492
2021-04-24,0.23070470988750458,0.42751404643058777,0.32718145847320557,0.4138953983783722,0.4149208068847656,0.21847832202911377,0.37851184606552124,0.5139483213424683,0.4038006663322449,0.4690997898578644,0.4517882466316223,0.4561167061328888,0.47982314229011536,0.43020230531692505,0.5590118169784546,0.4349002540111542,0.46512582898139954,0.4518947899341583,0.44629326462745667,0.44647765159606934,0.3785683512687683,0.44564366340637207,0.4639788568019867,0.41491174697875977,0.4663273096084595,0.38763725757598877,0.4545688033103943,0.2865254580974579,0.3069313168525696,0.33569222688674927,0.36158260703086853,0.42159396409988403,0.36814603209495544,0.32580071687698364,0.46427062153816223,0.3395431637763977,0.40028128027915955,0.4225960671901703,0.37671586871147156,0.4271964728832245,0.42133796215057373,0.30580103397369385,0.23136566579341888
2021-04-25,0.23213307559490204,0.4377810060977936,0.3315269351005554,0.4144638478755951,0.41966167092323303,0.2231033444404602,0.3858433663845062,0.5187742710113525,0.40777698159217834,0.4734930098056793,0.4576813280582428,0.46455803513526917,0.4868095815181732,0.4337523877620697,0.5601789355278015,0.43851861357688904,0.47375333309173584,0.4564475417137146,0.45108887553215027,0.4550010561943054,0.3865935206413269,0.4506455659866333,0.4693993926048279,0.41910454630851746,0.4673198461532593,0.3907010555267334,0.45518726110458374,0.283595472574234,0.30831247568130493,0.33838868141174316,0.36162784695625305,0.42378225922584534,0.37120944261550903,0.32794874906539917,0.46902185678482056,0.31867343187332153,0.4046364724636078,0.4231857657432556,0.386494517326355,0.4159490764141083,0.4157092869281769,0.30930885672569275,0.2328449934720993
2021-04-26,0.23356586694717407,0.4489189386367798,0.33608490228652954,0.41473376750946045,0.4244793951511383,0.22932982444763184,0.39377132058143616,0.52313232421875,0.41155099868774414,0.4774113595485687,0.46350499987602234,0.4722931981086731,0.49298274517059326,0.4375174641609192,0.5607487559318542,0.44209474325180054,0.48283645510673523,0.46079930663108826,0.45569515228271484,0.46406814455986023,0.3950228989124298,0.4556415379047394,0.4748517870903015,0.423460990190506,0.4676208794116974,0.39432358741760254,0.455111026763916,0.28150784969329834,0.30952706933021545,0.34117478132247925,0.36118027567863464,0.4248298406600952,0.37429916858673096,0.3300444483757019,0.47315454483032227,0.29755860567092896,0.4089231491088867,0.4238019287586212,0.39619216322898865,0.4034234583377838,0.409353107213974,0.3127997815608978,0.23435062170028687
2021-04-27,0.2349989265203476,0.4607836902141571,0.3408704996109009,0.41488996148109436,0.4293796420097351,0.23742428421974182,0.4022378623485565,0.5269395112991333,0.41508540511131287,0.4807703495025635,0.4692288637161255,0.47891542315483093,0.4980965256690979,0.4417184591293335,0.5609021186828613,0.44573572278022766,0.4922972321510315,0.46499010920524597,0.4601483941078186,0.4735894501209259,0.4037148058414459,0.46063724160194397,0.48030534386634827,0.42800372838974,0.467335969209671,0.39868974685668945,0.45444974303245544,0.28088894486427307,0.3106006681919098,0.34406566619873047,0.3603143095970154,0.42450207471847534,0.37741976976394653,0.3320740759372711,0.47648292779922485,0.2779500186443329,0.413034588098526,0.4246634840965271,0.405375599861145,0.3904447853565216,0.4027906656265259,0.3162309229373932,0.23588718473911285
2021-04-28,0.23642833530902863,0.4731990396976471,0.3458794057369232,0.41510748863220215,0.4343666434288025,0.2475847601890564,0.41117584705352783,0.5301344394683838,0.4183521568775177,0.48350730538368225,0.4748287796974182,0.484078586101532,0.5019524693489075,0.446546345949173,0.5608192086219788,0.4495414197444916,0.50203537940979,0.4690638780593872,0.4644889235496521,0.4834511876106262,0.4125322699546814,0.46563971042633057,0.4856967628002167,0.43274936079978943,0.46658000349998474,0.40395215153694153,0.45332130789756775,0.28228065371513367,0.3115611672401428,0.3470722734928131,0.3591107726097107,0.4226168394088745,0.38057461380958557,0.33402594923973083,0.4788567125797272,0.2614329159259796,0.41687628626823425,0.4259675145149231,0.4136573076248169,0.3777918815612793,0.39651167392730713,0.3195643424987793,0.23745812475681305
2021-04-29,0.23785096406936646,0.48596441745758057,0.35107868909835815,0.4155234098434448,0.4394417703151703,0.259888231754303,0.4205150008201599,0.5326941013336182,0.42134004831314087,0.48559829592704773,0.4802930951118469,0.4875681698322296,0.5044452548027039,0.4521237909793854,0.5606548190116882,0.45358866453170776,0.5119295120239258,0.47306394577026367,0.4687570333480835,0.49351832270622253,0.4213642477989197,0.4706571698188782,0.4909193217754364,0.4377044141292572,0.4654650390148163,0.4101979732513428,0.4518386721611023,0.2860341966152191,0.3124358355998993,0.350197970867157,0.3576482832431793,0.41908884048461914,0.3837648630142212,0.33589279651641846,0.4801945686340332,0.24914418160915375,0.42038393020629883,0.427853524684906,0.42076632380485535,0.36607152223587036,0.39089435338974,0.3227737247943878,0.23906472325325012
2021-04-30,0.23926489055156708,0.4988572895526886,0.3563999533653259,0.4162212014198303,0.4446033239364624,0.274263471364975,0.4301859140396118,0.534642219543457,0.4240584969520569,0.4870668649673462,0.48562556505203247,0.48933911323547363,0.5055863857269287,0.45848381519317627,0.5605236291885376,0.4579218626022339,0.521836519241333,0.47703036665916443,0.4729907512664795,0.5036339163780212,0.43013787269592285,0.47569870948791504,0.49581241607666016,0.44286298751831055,0.4640924334526062,0.417431503534317,0.45010167360305786,0.2922523319721222,0.3132493197917938,0.3534369170665741,0.35599765181541443,0.41395288705825806,0.386989027261734,0.33767297863960266,0.4805024266242981,0.24161720275878906,0.4235328137874603,0.43038415908813477,0.4265870451927185,0.35564807057380676,0.38616079092025757,0.3258485794067383,0.24070562422275543
2021-05-01,0.24066919088363647,0.5116316676139832,0.36173930764198303,0.41723427176475525,0.44984716176986694,0.29051855206489563,0.44012412428855896,0.5360409021377563,0.4265337586402893,0.48797526955604553,0.4908430278301239,0.4894922077655792,0.5054858326911926,0.4655787944793701,0.5604998469352722,0.46255606412887573,0.5315886735916138,0.48099854588508606,0.47722434997558594,0.5136172771453857,0.43881675601005554,0.48077401518821716,0.5001530647277832,0.44820910692214966,0.4625488221645355,0.4255869388580322,0.44819313287734985,0.3008222281932831,0.3140227794647217,0.3567758798599243,0.3542190492153168,0.4073427617549896,0.3902433514595032,0.33936959505081177,0.4798593819141388,0.23884452879428864,0.4263332784175873,0.433553546667099,0.4311419427394867,0.3466598093509674,0.38238823413848877,0.32879215478897095,0.24237734079360962
2021-05-02,0.24206361174583435,0.5240161418914795,0.36696043610572815,0.41855937242507935,0.4551679491996765,0.308393657207489,0.4502735733985901,0.5369734764099121,0.4288017451763153,0.48840776085853577,0.4959702789783478,0.48822060227394104,0.50431227684021,0.47330474853515625,0.5606249570846558,0.4674852788448334,0.5409907102584839,0.4849982261657715,0.4814871847629547,0.5232611298561096,0.44739246368408203,0.4858925938606262,0.503650426864624,0.4537213146686554,0.46090462803840637,0.43455570936203003,0.4461783766746521,0.31149256229400635,0.31477341055870056,0.36019742488861084,0.3523610830307007,0.3994496166706085,0.3935229480266571,0.3409885764122009,0.4783884882926941,0.24045103788375854,0.42881858348846436,0.43730947375297546,0.4345458745956421,0.3390810489654541,0.3795495629310608,0.33161696791648865,0.24407508969306946
2021-05-03,0.24344825744628906,0.5357123017311096,0.3718990683555603,0.4201700985431671,0.4605597257614136,0.32760539650917053,0.4605875313282013,0.5375309586524963,0.43090158700942993,0.48845580220222473,0.5010348558425903,0.48576122522354126,0.5022592544555664,0.4815235435962677,0.5609159469604492,0.47268998622894287,0.5498189330101013,0.4890531003475189,0.4858030676841736,0.5323309302330017,0.45587483048439026,0.4910629391670227,0.505946159362793,0.45937612652778625,0.45921415090560913,0.44421008229255676,0.4441062808036804,0.32394254207611084,0.3155144453048706,0.3636827766895294,0.35046103596687317,0.3904867470264435,0.39682242274284363,0.3425373435020447,0.4762314558029175,0.24585475027561188,0.4310342073440552,0.4415741562843323,0.4369639456272125,0.3327827453613281,0.37755289673805237,0.334340363740921,0.2457936853170395
2021-05-04,0.24482329189777374,0.5463976860046387,0.3763686716556549,0.42202702164649963,0.4660160541534424,0.34787553548812866,0.47102802991867065,0.5378013849258423,0.43287143111228943,0.48820847272872925,0.5060631632804871,0.4823601543903351,0.49952033162117004,0.49007898569107056,0.5613723993301392,0.4781418740749359,0.5578233003616333,0.49317964911460876,0.49018871784210205,0.5405668020248413,0.46428316831588745,0.49629101157188416,0.506622850894928,0.4651498794555664,0.4575168192386627,0.4544190764427185,0.4420114755630493,0.3378312885761261,0.31625550985336304,0.36721399426460266,0.34854596853256226,0.3806665539741516,0.4001365602016449,0.34402406215667725,0.47353118658065796,0.25438663363456726,0.4330299496650696,0.44625914096832275,0.438580185174942,0.3275802433490753,0.37627217173576355,0.3369814455509186,0.2475280612707138
2021-05-05,0.24618881940841675,0.5557352304458618,0.3801685571670532,0.42408546805381775,0.47152912616729736,0.36894702911376953,0.4815632104873657,0.5378639101982117,0.4347459375858307,0.48774585127830505,0.5110767483711243,0.4782496988773346,0.49627381563186646,0.498808354139328,0.561981737613678,0.48380574584007263,0.5647352933883667,0.4973856210708618,0.49465230107307434,0.5476917624473572,0.47263863682746887,0.5015784502029419,0.5052247047424316,0.4710194170475006,0.4558388590812683,0.4650573432445526,0.43991726636886597,0.3528292775154114,0.31700271368026733,0.370775431394577,0.34663426876068115,0.37018826603889465,0.4034607410430908,0.34545767307281494,0.47042083740234375,0.26537272334098816,0.43485456705093384,0.4512752294540405,0.43957599997520447,0.32326802611351013,0.3755696415901184,0.33955880999565125,0.24927355349063873
2021-05-06,0.2475448101758957,0.5633930563926697,0.38309726119041443,0.4263005256652832,0.4770883321762085,0.39058855175971985,0.49216359853744507,0.5377854108810425,0.4365546405315399,0.48713624477386475,0.5160893201828003,0.4736345708370209,0.4926738739013672,0.507550060749054,0.5627231001853943,0.48963895440101624,0.5702844858169556,0.501667857170105,0.49919095635414124,0.5534281730651855,0.48095703125,0.5069198608398438,0.5012946128845215,0.47696131467819214,0.4541949927806854,0.47600895166397095,0.43783852458000183,0.3686356246471405,0.31775930523872375,0.3743547797203064,0.34473729133605957,0.35923418402671814,0.40679100155830383,0.34684860706329346,0.467018723487854,0.2781846821308136,0.4365529417991638,0.4565383493900299,0.44011643528938293,0.3196437954902649,0.37531107664108276,0.3420892655849457,0.2510261833667755
2021-05-07,0.2488911896944046,0.5690774917602539,0.38497215509414673,0.42863011360168457,0.4826783537864685,0.4125917851924896,0.5027973055839539,0.537619411945343,0.4383218586444855,0.48643484711647034,0.5211033821105957,0.4686858057975769,0.4888470768928528,0.5161501169204712,0.5635693669319153,0.4955886900424957,0.5742253661155701,0.506009042263031,0.5037873983383179,0.5575250387191772,0.4892423450946808,0.5122999548912048,0.49443119764328003,0.4829500913619995,0.45258989930152893,0.48716625571250916,0.43578487634658813,0.3849840760231018,0.3185255825519562,0.3779436945915222,0.3428609073162079,0.3479723632335663,0.41012436151504517,0.3482098877429962,0.4634271264076233,0.29226621985435486,0.43816474080085754,0.4619719386100769,0.44034311175346375,0.31652337312698364,0.3753751814365387,0.344587117433548,0.2527826428413391
2021-05-08,0.2502279281616211,0.5725821852684021,0.38565754890441895,0.43103644251823425,0.4882766902446747,0.4347626566886902,0.5134247541427612,0.5374059677124023,0.4400668144226074,0.4856841564178467,0.5261077880859375,0.46353891491889954,0.4848921597003937,0.5244678258895874,0.5644879937171936,0.5015876889228821,0.5763776302337646,0.5103741884231567,0.5084061026573181,0.5597986578941345,0.4974806308746338,0.5176898837089539,0.4843708574771881,0.4889562129974365,0.4510195255279541,0.49842625856399536,0.4337633550167084,0.40164101123809814,0.3192993998527527,0.38153842091560364,0.34100717306137085,0.33656442165374756,0.4134588837623596,0.34955865144729614,0.45973390340805054,0.3071407675743103,0.43972423672676086,0.46750685572624207,0.44037121534347534,0.31374886631965637,0.3756585419178009,0.3470638394355774,0.2545402944087982
2021-05-09,0.2515552043914795,0.5738458633422852,0.38509687781333923,0.4334864616394043,0.493850976228714,0.4569089710712433,0.5239930152893066,0.5371728539466858,0.4418044984340668,0.48491552472114563,0.5310741066932678,0.45829617977142334,0.48088228702545166,0.5323812365531921,0.5654408931732178,0.5075486898422241,0.5766729116439819,0.5147059559822083,0.5129886865615845,0.5601803064346313,0.5056341886520386,0.5230430364608765,0.47108176350593567,0.4949428141117096,0.4494718313217163,0.5096844434738159,0.43178123235702515,0.41839805245399475,0.32007598876953125,0.3851401209831238,0.33917537331581116,0.325175940990448,0.4167935848236084,0.3509182035923004,0.4560162425041199,0.3224068582057953,0.441261351108551,0.4730798602104187,0.44029009342193604,0.3111917972564697,0.37607765197753906,0.34952834248542786,0.2562972605228424
2021-05-10,0.25287365913391113,0.5729820728302002,0.383328914642334,0.4359514117240906,0.49935591220855713,0.47882649302482605,0.5344300270080566,0.5369369983673096,0.443546324968338,0.4841507375240326,0.5359542369842529,0.4530303180217743,0.4768683910369873,0.5397858619689941,0.5663834810256958,0.5133580565452576,0.5751787424087524,0.5189201235771179,0.5174492001533508,0.5587403774261475,0.5136361122131348,0.5282909870147705,0.4548165202140808,0.5008630156517029,0.44792717695236206,0.5208277106285095,0.42984822392463684,0.43506139516830444,0.32084816694259644,0.3887554109096527,0.33736324310302734,0.3139888048171997,0.4201285243034363,0.3523200452327728,0.4523452818393707,0.337725430727005,0.4428029954433441,0.47863060235977173,0.44016531109809875,0.30875280499458313,0.3765680491924286,0.3519870638847351,0.2580522298812866
2021-05-11,0.2541843056678772,0.5702499747276306,0.380470335483551,0.43840599060058594,0.5047309994697571,0.500285267829895,0.5446396470069885,0.5367063283920288,0.4453014135360718,0.48340415954589844,0.5406773686408997,0.44778937101364136,0.47288328409194946,0.5465824604034424,0.5672634840011597,0.5188692808151245,0.5720730423927307,0.5229012370109558,0.5216696858406067,0.5556625723838806,0.5213858485221863,0.5333399772644043,0.4360753297805786,0.5066570043563843,0.44635868072509766,0.53172767162323,0.42797836661338806,0.4514405429363251,0.3216060996055603,0.39239659905433655,0.33556780219078064,0.3032129406929016,0.42346495389938354,0.3538055419921875,0.4487909972667694,0.3528030514717102,0.4443744421005249,0.4840986430644989,0.4400423467159271,0.3063589334487915,0.3770829737186432,0.3544445037841797,0.2598044276237488
2021-05-12,0.2554885447025299,0.5659965872764587,0.37668249011039734,0.44082731008529663,0.5098984837532043,0.5210177302360535,0.5544978380203247,0.5364813804626465,0.44707733392715454,0.4826847016811371,0.5451487898826599,0.44260185956954956,0.46894571185112,0.5526608228683472,0.568019449710846,0.5238983035087585,0.567595899105072,0.5264995098114014,0.5254967212677002,0.5511943697929382,0.5287464261054993,0.5380679368972778,0.41552525758743286,0.5122498869895935,0.4447321891784668,0.542234480381012,0.42619144916534424,0.4673374891281128,0.3223375082015991,0.39608174562454224,0.333785742521286,0.2930963337421417,0.42680519819259644,0.35542768239974976,0.4454266428947449,0.367374986410141,0.44600099325180054,0.4894205927848816,0.43995028734207153,0.3039601743221283,0.3775905966758728,0.35690370202064514,0.26155370473861694
2021-05-13,0.25678807497024536,0.5606067776679993,0.37214258313179016,0.44319412112236023,0.5147626399993896,0.5407124161720276,0.5638514161109924,0.5362569689750671,0.448881059885025,0.4819974899291992,0.5492492914199829,0.4374815821647644,0.46506398916244507,0.5578869581222534,0.5685808062553406,0.5282211303710938,0.5620077252388,0.5295300483703613,0.5287410020828247,0.5456048846244812,0.5355435013771057,0.542323887348175,0.3939274847507477,0.5175507664680481,0.4430069327354431,0.5521736145019531,0.4245138168334961,0.4825390875339508,0.3230277895927429,0.3998348116874695,0.3320142924785614,0.28393077850341797,0.43015268445014954,0.3572516441345215,0.4423319399356842,0.38119035959243774,0.447709321975708,0.4945279359817505,0.4399058222770691,0.3015250563621521,0.3780714273452759,0.35936665534973145,0.26330044865608215
2021-05-14,0.25808489322662354,0.5544673800468445,0.3670238256454468,0.4454861283302307,0.5192115902900696,0.5590142011642456,0.572519838809967,0.5360238552093506,0.4507194757461548,0.481345534324646,0.5528379678726196,0.4324319362640381,0.4612393379211426,0.5620982050895691,0.5688679218292236,0.53157639503479,0.5555608868598938,0.5317758917808533,0.5311800241470337,0.5391556024551392,0.5415692329406738,0.5459305047988892,0.3720816969871521,0.5224539041519165,0.4411364495754242,0.5613462924957275,0.42297834157943726,0.4968140721321106,0.323660284280777,0.40368491411209106,0.33025121688842773,0.2760511040687561,0.43351203203201294,0.35935401916503906,0.4395945966243744,0.39400240778923035,0.44952794909477234,0.49934646487236023,0.43991658091545105,0.29903677105903625,0.3785156309604645,0.36183488368988037,0.2650456428527832
2021-05-15,0.25938159227371216,0.5479429960250854,0.3614831268787384,0.44768404960632324,0.5231213569641113,0.5755345225334167,0.580302357673645,0.5357703566551208,0.45259982347488403,0.48073071241378784,0.5557581186294556,0.427449494600296,0.457468718290329,0.5651061534881592,0.5687952041625977,0.5336755514144897,0.5484824180603027,0.532996416091919,0.5325673222541809,0.5320823788642883,0.5465912222862244,0.5486910939216614,0.35078051686286926,0.5268428325653076,0.439070463180542,0.5695356130599976,0.42162322998046875,0.5099172592163086,0.3242173492908478,0.4076652526855469,0.3284951448440552,0.2698248028755188,0.43688881397247314,0.36182016134262085,0.43730872869491577,0.4055664837360382,0.451487272977829,0.5037978291511536,0.4399845004081726,0.2964891791343689,0.37892046570777893,0.36430981755256653,0.26679086685180664
2021-05-16,0.26068127155303955,0.5413589477539062,0.3556544780731201,0.44977039098739624,0.526364803314209,0.5898770093917847,0.5869921445846558,0.5354840755462646,0.4545295238494873,0.4801549017429352,0.5578485727310181,0.4225269854068756,0.4537467658519745,0.5667098760604858,0.5682762861251831,0.5342217683792114,0.540964663028717,0.5329443216323853,0.5326492190361023,0.524586021900177,0.5503692030906677,0.5504037737846375,0.33076679706573486,0.5305982232093811,0.43675848841667175,0.5765207409858704,0.42048946022987366,0.5216025114059448,0.32468166947364807,0.4118109345436096,0.3267458379268646,0.26562899351119995,0.4402894079685211,0.3647386133670807,0.43557024002075195,0.4156480133533478,0.45361828804016113,0.5078038573265076,0.4401080310344696,0.2938837707042694,0.37928852438926697,0.366793155670166,0.2685385048389435
2021-05-17,0.26198774576187134,0.5349880456924438,0.34964653849601746,0.45173099637031555,0.5288258790969849,0.6016790866851807,0.5923988819122314,0.5351536870002747,0.456515908241272,0.47962018847465515,0.5589615106582642,0.4176555275917053,0.45006757974624634,0.5667214393615723,0.5672330856323242,0.5329423546791077,0.5331631302833557,0.5313920974731445,0.5311924815177917,0.516829252243042,0.5526818633079529,0.5508830547332764,0.3126850426197052,0.5336111783981323,0.43415507674217224,0.5821000337600708,0.4196164608001709,0.5316481590270996,0.325038343667984,0.4161554276943207,0.325003981590271,0.26381057500839233,0.44372063875198364,0.36819201707839966,0.4344671666622162,0.42404264211654663,0.4559497833251953,0.5112949013710022,0.44028428196907043,0.2912270426750183,0.37962597608566284,0.3692872226238251,0.2702917158603668
